"FilePath","Line","Code","Cat","Confirmed"
"lib\main.dart","223","Color primaryColor = const Color(0xFFFF5A7E); // 保底","C1","False"
"lib\components\image_placeholder.dart","12","this.color = const Color(0xFFFF5A7E),","C1","False"
"lib\components\image_placeholder.dart","31","color: Colors.white,","C2","False"
"lib\components\image_placeholder.dart","38","color: Colors.white,","C2","False"
"lib\components\mood_day.dart","19","Text(day, style: const TextStyle(color: Colors.grey, fontSize: 12, fontWeight: FontWeight.w500)),","C2","False"
"lib\components\mood_day.dart","25","color: hasMood ? const Color(0xFFFFD1DC) : Colors.grey[200],","C1","False"
"lib\components\order_card.dart","21","color: isLocked ? Colors.white : Colors.white.withValues(alpha:0.5),","C2","False"
"lib\components\order_card.dart","23","border: Border.all(color: Colors.white),","C2","False"
"lib\components\order_card.dart","27","Icon(isLocked ? Icons.lock_outline : Icons.check_circle, color: const Color(0xFFFFD1DC)),","C1","False"
"lib\components\order_card.dart","38","color: isLocked ? Colors.black87 : Colors.grey,","C2","False"
"lib\components\order_card.dart","41","Text(subtitle, style: const TextStyle(color: Colors.redAccent, fontSize: 11)),","C2","False"
"lib\components\order_card.dart","45","const Icon(Icons.radio_button_unchecked, color: Color(0xFFF2F2F2)),","C1","False"
"lib\pages\main_screen.dart","143","colors: [Color(0xFFFFD2DD), Color(0xFFFFB6C1)],","C1","False"
"lib\pages\main_screen.dart","149","color: Colors.white,","C2","False"
"lib\pages\main_screen.dart","169","selectedItemColor: Theme.of(context).primaryColor,","C3","False"
"lib\pages\vow_page.dart","24","color: isDark ? Colors.grey[400] : Colors.grey,","C4","False"
"lib\pages\vow_page.dart","32","color: isDark ? const Color(0xFF1A1A1A) : Colors.white,","C4","False"
"lib\pages\vow_page.dart","50","color: isDark ? Colors.grey[400] : Colors.grey,","C4","False"
"lib\pages\vow_page.dart","78","color: isDark ? Colors.white : const Color(0xFF4A4A4A)","C4","False"
"lib\pages\vow_page.dart","81","style: TextStyle(color: Theme.of(context).primaryColor)),","C3","False"
"lib\pages\vow_page.dart","91","color: isDark ? Colors.grey[400] : Colors.grey","C4","False"
"lib\pages\vow_page.dart","103","gradient: const LinearGradient(colors: [Color(0xFFFF5A7E), Color(0xFFFF8E9E)]),","C1","False"
"lib\pages\vow_page.dart","113","Text(""REWARDS ACCUMULATOR"", style: TextStyle(color: Colors.white70, fontSize: 10)),","C2","False"
"lib\pages\vow_page.dart","114","Text(""0 Kisses Owed"", style: TextStyle(color: Colors.white, fontSize: 20, fontWeight: FontWeight.bold)),","C2","False"
"lib\pages\vow_page.dart","117","Icon(Icons.favorite, color: Colors.white30, size: 40),","C2","False"
"lib\pages\chat\chat_backup_migrate_page.dart","23","final primaryPink = const Color(0xFFFF5A7E);","C1","False"
"lib\pages\chat\chat_backup_migrate_page.dart","24","final lightPinkBg = const Color(0xFFFFF0F5);","C1","False"
"lib\pages\chat\chat_backup_migrate_page.dart","25","final cardBg = isDark ? const Color(0xFF1A1A1A) : Colors.white;","C4","False"
"lib\pages\chat\chat_backup_migrate_page.dart","28","backgroundColor: isDark ? const Color(0xFF0A0A0A) : lightPinkBg,","C4","False"
"lib\pages\chat\chat_backup_migrate_page.dart","30","backgroundColor: isDark ? const Color(0xFF111111) : Colors.white,","C4","False"
"lib\pages\chat\chat_backup_migrate_page.dart","34","color: isDark ? Colors.white : Colors.black87),","C4","False"
"lib\pages\chat\chat_backup_migrate_page.dart","40","color: isDark ? Colors.white : Colors.black87,","C4","False"
"lib\pages\chat\chat_backup_migrate_page.dart","61","? Colors.black.withValues(alpha: 0.3)","C2","False"
"lib\pages\chat\chat_backup_migrate_page.dart","84","color: isDark ? Colors.white : Colors.black87,","C4","False"
"lib\pages\chat\chat_backup_migrate_page.dart","91","color: isDark ? Colors.grey[400] : Colors.grey[600],","C4","False"
"lib\pages\chat\chat_backup_migrate_page.dart","95","size: 16, color: Colors.grey),","C2","False"
"lib\pages\chat\chat_backup_migrate_page.dart","111","? Colors.black.withValues(alpha: 0.2)","C2","False"
"lib\pages\chat\chat_backup_migrate_page.dart","112",": Colors.grey.withValues(alpha: 0.1),","C2","False"
"lib\pages\chat\chat_backup_migrate_page.dart","122","color: Colors.grey.withValues(alpha: 0.12),","C2","False"
"lib\pages\chat\chat_backup_migrate_page.dart","126","color: Colors.grey, size: 28),","C2","False"
"lib\pages\chat\chat_backup_migrate_page.dart","133","color: isDark ? Colors.grey[400] : Colors.grey[700],","C4","False"
"lib\pages\chat\chat_backup_migrate_page.dart","138","style: TextStyle(fontSize: 13, color: Colors.grey),","C2","False"
"lib\pages\chat\chat_backup_migrate_page.dart","141","size: 16, color: Colors.grey),","C2","False"
"lib\pages\chat\chat_backup_migrate_page.dart","155","? Colors.black.withValues(alpha: 0.4)","C2","False"
"lib\pages\chat\chat_backup_migrate_page.dart","156",": Colors.grey.withValues(alpha: 0.12),","C2","False"
"lib\pages\chat\chat_backup_migrate_page.dart","170","color: isDark ? Colors.white : primaryPink,","C4","False"
"lib\pages\chat\chat_backup_migrate_page.dart","182","color: isDark ? Colors.grey[400] : Colors.grey[700],","C4","False"
"lib\pages\chat\chat_backup_migrate_page.dart","312","backgroundColor: isDark ? const Color(0xFF1A1A1A) : Colors.white,","C4","False"
"lib\pages\chat\chat_backup_migrate_page.dart","315","icon: const Icon(Icons.warning_rounded, color: Colors.orange),","C2","False"
"lib\pages\chat\chat_backup_migrate_page.dart","334","TextStyle(fontSize: 14, color: Colors.orange), // 调整为14px","C2","False"
"lib\pages\chat\chat_backup_migrate_page.dart","366","color: Colors.white,","C2","False"
"lib\pages\chat\chat_backup_migrate_page.dart","370","color: Colors.black.withValues(alpha: 0.1),","C2","False"
"lib\pages\chat\chat_backup_migrate_page.dart","386","color: const Color(0xFFFF5A7E),","C1","False"
"lib\pages\chat\chat_backup_migrate_page.dart","393","color: Colors.black87,","C2","False"
"lib\pages\chat\chat_backup_migrate_page.dart","406","color: Colors.black54,","C2","False"
"lib\pages\chat\chat_backup_migrate_page.dart","416","color: Colors.grey,","C2","False"
"lib\pages\chat\chat_backup_migrate_page.dart","439","backgroundColor: const Color(0xFFF5F5F5),","C1","False"
"lib\pages\chat\chat_backup_migrate_page.dart","448","color: Colors.blue,","C2","False"
"lib\pages\chat\chat_backup_migrate_page.dart","456","backgroundColor: Colors.transparent,","C2","False"
"lib\pages\chat\chat_backup_migrate_page.dart","477","backgroundColor: Colors.red,","C2","False"
"lib\pages\chat\chat_character_edit_page.dart","107","SnackBar(content: Text('操作失败: $e'), backgroundColor: Colors.red),","C2","False"
"lib\pages\chat\chat_character_edit_page.dart","142","backgroundColor: Colors.red),","C2","False"
"lib\pages\chat\chat_character_edit_page.dart","155","color: Colors.transparent,","C2","False"
"lib\pages\chat\chat_character_edit_page.dart","182","color: Colors.black54,","C2","False"
"lib\pages\chat\chat_character_edit_page.dart","187","CircularProgressIndicator(color: Colors.white)),","C2","False"
"lib\pages\chat\chat_character_edit_page.dart","255","TextStyle(color: Colors.red, fontWeight: FontWeight.bold),","C2","False"
"lib\pages\chat\chat_character_edit_page.dart","261","color: Colors.transparent,","C2","False"
"lib\pages\chat\chat_character_edit_page.dart","333","thumbColor: const WidgetStatePropertyAll(Colors.white),","C2","False"
"lib\pages\chat\chat_character_edit_page.dart","340","trackOutlineColor: const WidgetStatePropertyAll(Colors.transparent),","C2","False"
"lib\pages\chat\chat_character_edit_page.dart","350","color: Colors.transparent,","C2","False"
"lib\pages\chat\chat_character_edit_page.dart","463","color: Colors.transparent,","C2","False"
"lib\pages\chat\chat_character_edit_page.dart","531","color: Colors.white, strokeWidth: 3),","C2","False"
"lib\pages\chat\chat_character_edit_page.dart","537","color: Colors.white,","C2","False"
"lib\pages\chat\chat_components.dart","43","backgroundColor: Colors.transparent,","C2","False"
"lib\pages\chat\chat_components.dart","166","backgroundColor: Colors.transparent,","C2","False"
"lib\pages\chat\chat_list_page.dart","21","backgroundColor: isDark ? const Color(0xFF0A0A0A) : Colors.white,","C4","False"
"lib\pages\chat\chat_list_page.dart","26","color: isDark ? Colors.white : const Color(0xFF4A4A4A),","C4","False"
"lib\pages\chat\chat_list_page.dart","32","Icon(Icons.search, color: Theme.of(context).primaryColor),","C3","False"
"lib\pages\chat\chat_list_page.dart","59","backgroundColor: Theme.of(context).primaryColor,","C3","False"
"lib\pages\chat\chat_list_page.dart","66","color: Colors.white,","C2","False"
"lib\pages\chat\chat_list_page.dart","83","color: isDark ? Colors.grey[400] : Colors.grey),","C4","False"
"lib\pages\chat\chat_list_page.dart","99","color: isDark ? Colors.grey[400] : Colors.grey,","C4","False"
"lib\pages\chat\chat_list_page.dart","106","backgroundColor: Theme.of(context).primaryColor,","C3","False"
"lib\pages\chat\chat_list_page.dart","118","color: isDark ? Colors.grey[800] : Colors.grey[200],","C4","False"
"lib\pages\chat\chat_list_page.dart","130","color: Theme.of(context).colorScheme.error,","C3","False"
"lib\pages\chat\chat_room_page.dart","1154","color: Colors.white, size: 18),","C2","False"
"lib\pages\chat\chat_room_page.dart","1172","backgroundColor: Colors.transparent,","C2","False"
"lib\pages\chat\chat_room_page.dart","1230","color: Colors.white,","C2","False"
"lib\pages\diary\diary_bookshelf_page.dart","21","backgroundColor: const Color(0xFFFF5A7E),","C1","False"
"lib\pages\diary\diary_bookshelf_page.dart","25","color: Colors.white,","C2","False"
"lib\pages\diary\diary_bookshelf_page.dart","34","icon: const Icon(Icons.refresh, color: Colors.white),","C2","False"
"lib\pages\diary\diary_bookshelf_page.dart","48","child: CircularProgressIndicator(color: Color(0xFFFF5A7E)),","C1","False"
"lib\pages\diary\diary_bookshelf_page.dart","56","const Icon(Icons.error_outline, size: 80, color: Colors.red),","C2","False"
"lib\pages\diary\diary_bookshelf_page.dart","68","style: const TextStyle(color: Colors.grey),","C2","False"
"lib\pages\diary\diary_bookshelf_page.dart","76","backgroundColor: const Color(0xFFFF5A7E),","C1","False"
"lib\pages\diary\diary_bookshelf_page.dart","77","foregroundColor: Colors.white,","C2","False"
"lib\pages\diary\diary_bookshelf_page.dart","87","backgroundColor: const Color(0xFFFF5A7E),","C1","False"
"lib\pages\diary\diary_bookshelf_page.dart","88","foregroundColor: Colors.white,","C2","False"
"lib\pages\diary\diary_bookshelf_page.dart","112","Icon(Icons.menu_book_outlined, size: 120, color: Colors.grey[400]),","C2","False"
"lib\pages\diary\diary_bookshelf_page.dart","116","style: TextStyle(fontSize: 22, color: Colors.grey[700], fontWeight: FontWeight.w500),","C2","False"
"lib\pages\diary\diary_bookshelf_page.dart","121","style: TextStyle(fontSize: 16, color: Colors.grey[600]),","C2","False"
"lib\pages\diary\diary_bookshelf_page.dart","128","backgroundColor: const Color(0xFFFF5A7E),","C1","False"
"lib\pages\diary\diary_bookshelf_page.dart","129","foregroundColor: Colors.white,","C2","False"
"lib\pages\diary\diary_bookshelf_page.dart","182","border: Border.all(color: Colors.black, width: 3),","C2","False"
"lib\pages\diary\diary_bookshelf_page.dart","185","BoxShadow(color: Colors.black26, blurRadius: 10, offset: Offset(4, 6)),","C2","False"
"lib\pages\diary\diary_bookshelf_page.dart","214","if (hex == null || hex.isEmpty) return const Color(0xFFBAE1FF);","C1","False"
"lib\pages\diary\diary_bookshelf_page.dart","238","color: Colors.white,","C2","False"
"lib\pages\diary\diary_bookshelf_page.dart","240","shadows: [Shadow(blurRadius: 6, color: Colors.black45, offset: Offset(2, 2))],","C2","False"
"lib\pages\diary\diary_bookshelf_page.dart","246","style: const TextStyle(fontSize: 18, color: Colors.white70),","C2","False"
"lib\pages\diary\diary_detail_page.dart","30","style: TextStyle(color: Colors.red),","C2","False"
"lib\pages\diary\diary_detail_page.dart","50","backgroundColor: const Color(0xFFFF5A7E),","C1","False"
"lib\pages\diary\diary_detail_page.dart","54","color: Colors.white,","C2","False"
"lib\pages\diary\diary_detail_page.dart","62","icon: const Icon(Icons.edit, color: Colors.white),","C2","False"
"lib\pages\diary\diary_detail_page.dart","74","icon: const Icon(Icons.delete_outline, color: Colors.white),","C2","False"
"lib\pages\diary\diary_detail_page.dart","93","color: Colors.grey,","C2","False"
"lib\pages\diary\diary_detail_page.dart","102","color: Colors.grey,","C2","False"
"lib\pages\diary\diary_detail_page.dart","108","color: Colors.grey,","C2","False"
"lib\pages\diary\diary_detail_page.dart","116","color: Colors.grey,","C2","False"
"lib\pages\diary\diary_detail_page.dart","145",": const Color(0xFFBAE1FF);","C1","False"
"lib\pages\diary\diary_detail_page.dart","148",": const Color(0xFFFFB3BA);","C1","False"
"lib\pages\diary\diary_detail_page.dart","155","border: Border.all(color: Colors.grey[300]!, width: 1),","C2","False"
"lib\pages\diary\diary_detail_page.dart","158","color: Colors.grey.withValues(alpha: 0.3),","C2","False"
"lib\pages\diary\diary_detail_page.dart","184","color: Colors.white,","C2","False"
"lib\pages\diary\diary_detail_page.dart","189","color: Colors.black38,","C2","False"
"lib\pages\diary\diary_editor_page.dart","73","backgroundColor: Colors.orange,","C2","False"
"lib\pages\diary\diary_editor_page.dart","106","backgroundColor: const Color(0xFF4CAF50),","C1","False"
"lib\pages\diary\diary_editor_page.dart","119","backgroundColor: Colors.red,","C2","False"
"lib\pages\diary\diary_editor_page.dart","136","backgroundColor: const Color(0xFFFF5A7E),","C1","False"
"lib\pages\diary\diary_editor_page.dart","140","color: Colors.white,","C2","False"
"lib\pages\diary\diary_editor_page.dart","157","color: Colors.white,","C2","False"
"lib\pages\diary\diary_editor_page.dart","164","icon: const Icon(Icons.save, color: Colors.white),","C2","False"
"lib\pages\diary\diary_editor_page.dart","177","color: Colors.white,","C2","False"
"lib\pages\diary\diary_editor_page.dart","179","border: Border.all(color: Colors.grey[300]!),","C2","False"
"lib\pages\diary\diary_editor_page.dart","193","hintStyle: TextStyle(color: Colors.grey),","C2","False"
"lib\pages\diary\diary_editor_page.dart","208","backgroundColor: const Color(0xFFFF5A7E),","C1","False"
"lib\pages\diary\diary_editor_page.dart","209","foregroundColor: Colors.white,","C2","False"
"lib\pages\diary\diary_editor_page.dart","222","color: Colors.white,","C2","False"
"lib\pages\entrance\entrance_main_page.dart","18","color: isDark ? const Color(0xFF1A1A1A) : const Color(0xFFFFE4E9),","C4","False"
"lib\pages\entrance\entrance_main_page.dart","24","Icon(Icons.search, color: isDark ? Colors.grey[400] : Colors.white70, size: 28),","C4","False"
"lib\pages\entrance\entrance_main_page.dart","34","color: isDark ? Colors.white : Colors.black87,","C4","False"
"lib\pages\entrance\entrance_main_page.dart","39","Icon(Icons.chevron_right, color: isDark ? Colors.grey[400] : Colors.black54),","C4","False"
"lib\pages\entrance\entrance_main_page.dart","55","color: isDark ? Colors.grey[400] : Colors.grey","C4","False"
"lib\pages\entrance\moments_detail_page.dart","74","isDark ? const Color(0xFF060405) : const Color(0xFFF5F5F5),","C4","False"
"lib\pages\entrance\moments_detail_page.dart","94","color: Colors.white),","C2","False"
"lib\pages\entrance\moments_detail_page.dart","99","color: Colors.white),","C2","False"
"lib\pages\entrance\moments_detail_page.dart","114","color: Colors.white,","C2","False"
"lib\pages\entrance\moments_detail_page.dart","118","Shadow(blurRadius: 10, color: Colors.black45)","C2","False"
"lib\pages\entrance\moments_detail_page.dart","127","border: Border.all(color: Colors.white, width: 3),","C2","False"
"lib\pages\entrance\moments_detail_page.dart","158","color: Colors.black.withAlpha(","C2","False"
"lib\pages\entrance\moments_detail_page.dart","172","color: Colors.white,","C2","False"
"lib\pages\entrance\moments_detail_page.dart","176","color: Colors.black.withAlpha(26),","C2","False"
"lib\pages\entrance\moments_detail_page.dart","211","color: Colors.white,","C2","False"
"lib\pages\entrance\moments_detail_page.dart","215","color: Colors.black.withAlpha(26),","C2","False"
"lib\pages\entrance\moments_detail_page.dart","250","color: Colors.transparent,","C2","False"
"lib\pages\entrance\moments_detail_page.dart","261","color: isCancel ? Colors.red : const Color(0xFF333333),","C1","False"
"lib\pages\entrance\moments_detail_page.dart","277","isCancel ? Colors.red : const Color(0xFF333333),","C1","False"
"lib\pages\entrance\moments_detail_page.dart","286","fontSize: 13, color: Color(0xFF888888)),","C1","False"
"lib\pages\entrance\moments_detail_page.dart","301","color: const Color(0xFFE0E0E0),","C1","False"
"lib\pages\entrance\moments_detail_page.dart","318","color: isDark ? const Color(0xFF1A1A1A) : Colors.white,","C4","False"
"lib\pages\entrance\moments_detail_page.dart","333","color: Theme.of(context).primaryColor,","C3","False"
"lib\pages\entrance\moments_detail_page.dart","343","color: isDark ? Colors.white : Colors.black),","C4","False"
"lib\pages\entrance\moments_detail_page.dart","377","color: isDark ? Colors.grey[400] : Colors.grey,","C4","False"
"lib\pages\entrance\moments_detail_page.dart","384","color: isDark ? Colors.grey[400] : Colors.grey,","C4","False"
"lib\pages\friends_circle\camera_capture_page.dart","82","backgroundColor: Colors.black,","C2","False"
"lib\pages\friends_circle\camera_capture_page.dart","95","style: TextStyle(color: Colors.white)),","C2","False"
"lib\pages\friends_circle\camera_capture_page.dart","121","color: Colors.white),","C2","False"
"lib\pages\friends_circle\camera_capture_page.dart","129","backgroundColor: Colors.white,","C2","False"
"lib\pages\friends_circle\camera_capture_page.dart","132","color: Color(0xFFFF5A7E)),","C1","False"
"lib\pages\friends_circle\camera_capture_page.dart","136","color: Colors.white),","C2","False"
"lib\pages\friends_circle\camera_capture_page.dart","150","style: const TextStyle(color: Colors.white)),","C2","False"
"lib\pages\friends_circle\camera_capture_page.dart","155","valueColor: AlwaysStoppedAnimation<Color>(Colors.white)),","C2","False"
"lib\pages\friends_circle\publish_moment_page.dart","78","backgroundColor: const Color(0xFFFFF0F5),","C1","False"
"lib\pages\friends_circle\publish_moment_page.dart","80","backgroundColor: Colors.white,","C2","False"
"lib\pages\friends_circle\publish_moment_page.dart","100","color: Color(0xFFFF5A7E),","C1","False"
"lib\pages\friends_circle\publish_moment_page.dart","117","color: Colors.white,","C2","False"
"lib\pages\friends_circle\publish_moment_page.dart","127","hintStyle: TextStyle(color: Colors.grey),","C2","False"
"lib\pages\friends_circle\publish_moment_page.dart","138","color: Colors.white,","C2","False"
"lib\pages\friends_circle\publish_moment_page.dart","176","backgroundColor: Colors.black54,","C2","False"
"lib\pages\friends_circle\publish_moment_page.dart","178","size: 16, color: Colors.white),","C2","False"
"lib\pages\friends_circle\publish_moment_page.dart","195","color: Colors.grey.shade100,","C2","False"
"lib\pages\friends_circle\publish_moment_page.dart","197","border: Border.all(color: Colors.grey.shade300),","C2","False"
"lib\pages\friends_circle\publish_moment_page.dart","200","size: 40, color: Colors.grey),","C2","False"
"lib\pages\friends_circle\publish_moment_page.dart","209","color: Colors.white, borderRadius: BorderRadius.circular(12)),","C2","False"
"lib\pages\me\me_page.dart","85","backgroundColor: Colors.red,","C2","False"
"lib\pages\me\me_page.dart","109","color: isDark ? const Color(0xFF1A1A1A) : Colors.white,","C4","False"
"lib\pages\me\me_page.dart","119","backgroundColor: Theme.of(context).primaryColor,","C3","False"
"lib\pages\me\me_page.dart","124","? const Icon(Icons.person, size: 36, color: Colors.white)","C2","False"
"lib\pages\me\me_page.dart","131","color: Colors.black54,","C2","False"
"lib\pages\me\me_page.dart","135","child: CircularProgressIndicator(color: Colors.white),","C2","False"
"lib\pages\me\me_page.dart","154","style: TextStyle(color: isDark ? Colors.grey[400] : Colors.grey, fontSize: 14),","C4","False"
"lib\pages\me\me_page.dart","159","Icon(Icons.chevron_right, color: isDark ? Colors.grey[400] : Colors.grey),","C4","False"
"lib\pages\me\me_page.dart","167","_buildListTile(Icons.wechat_outlined, ""记录"", Colors.green, context),","C2","False"
"lib\pages\me\me_page.dart","168","Divider(height: 1, indent: 60, color: isDark ? Colors.grey[800] : Colors.grey[200]),","C4","False"
"lib\pages\me\me_page.dart","169","_buildListTile(Icons.collections_bookmark_outlined, ""收藏·碎碎念"", Colors.orange, context),","C2","False"
"lib\pages\me\me_page.dart","170","Divider(height: 1, indent: 60, color: isDark ? Colors.grey[800] : Colors.grey[200]),","C4","False"
"lib\pages\me\me_page.dart","171","_buildListTile(Icons.photo_outlined, ""书架"", Colors.blue, context),","C2","False"
"lib\pages\me\me_page.dart","172","Divider(height: 1, indent: 60, color: isDark ? Colors.grey[800] : Colors.grey[200]),","C4","False"
"lib\pages\me\me_page.dart","173","_buildListTile(Icons.credit_card_outlined, ""结婚纪念日"", Colors.blueAccent, context),","C2","False"
"lib\pages\me\me_page.dart","174","Divider(height: 1, indent: 60, color: isDark ? Colors.grey[800] : Colors.grey[200]),","C4","False"
"lib\pages\me\me_page.dart","175","_buildListTile(Icons.sentiment_satisfied_alt_outlined, ""心情不好·日记本"", Colors.amber, context),","C2","False"
"lib\pages\me\me_page.dart","181","color: isDark ? const Color(0xFF1A1A1A) : Colors.white,","C4","False"
"lib\pages\me\me_page.dart","183","leading: Icon(Icons.settings_outlined, color: isDark ? Colors.grey[400] : Colors.blueGrey),","C4","False"
"lib\pages\me\me_page.dart","184","title: Text(""设置"", style: TextStyle(color: isDark ? Colors.white : Colors.black)),","C4","False"
"lib\pages\me\me_page.dart","185","trailing: Icon(Icons.chevron_right, color: isDark ? Colors.grey[400] : Colors.grey, size: 20),","C4","False"
"lib\pages\me\me_page.dart","202","color: isDark ? const Color(0xFF1A1A1A) : Colors.white,","C4","False"
"lib\pages\me\me_page.dart","205","title: Text(title, style: TextStyle(color: isDark ? Colors.white : Colors.black)),","C4","False"
"lib\pages\me\me_page.dart","206","trailing: Icon(Icons.chevron_right, color: isDark ? Colors.grey[400] : Colors.grey, size: 20),","C4","False"
"lib\pages\me\me_page.dart","244","backgroundColor: Colors.red,","C2","False"
"lib\pages\me\profile_settings_page.dart","120","backgroundColor: isSuccess ? null : Colors.red,","C2","False"
"lib\pages\me\profile_settings_page.dart","287","final testColor = Colors.deepPurple;","C2","False"
"lib\pages\me\profile_settings_page.dart","290","app_theme.ExtractedColorType.vibrant: Color.fromRGBO(","C1","False"
"lib\pages\me\profile_settings_page.dart","296","app_theme.ExtractedColorType.lightVibrant: Color.fromRGBO(","C1","False"
"lib\pages\me\profile_settings_page.dart","302","app_theme.ExtractedColorType.darkVibrant: Color.fromRGBO(","C1","False"
"lib\pages\me\profile_settings_page.dart","329","if (rawColors == null || rawColors.isEmpty) {","C2","False"
"lib\pages\me\profile_settings_page.dart","340","if (convertedColors.isEmpty) {","C2","False"
"lib\pages\me\settings_page.dart","242","color: Theme.of(context).colorScheme.surfaceContainerHighest,","C3","False"
"lib\pages\me\settings_page.dart","264","? Theme.of(context).colorScheme.primary","C3","False"
"lib\pages\me\settings_page.dart","273","color: isSelected ? Colors.white : null),","C2","False"
"lib\pages\me\settings_page.dart","277","color: isSelected ? Colors.white : null)),","C2","False"
"lib\pages\me\settings_page.dart","341","color: isDark ? Colors.white : Colors.black,","C4","False"
"lib\pages\me\settings_page.dart","369","color: isDark ? Colors.grey[700]! : Colors.grey[400]!,","C4","False"
"lib\pages\me\settings_page.dart","374","color: isDark ? Colors.grey[400] : Colors.grey[700],","C4","False"
"lib\pages\me\settings_page.dart","378","isDark ? const Color(0xFF1A1A1A) : Colors.white,","C4","False"
"lib\pages\me\settings_page.dart","381","color: isDark ? Colors.grey[700]! : Colors.grey[400]!,","C4","False"
"lib\pages\me\settings_page.dart","391","color: isDark ? Colors.white : Colors.black,","C4","False"
"lib\pages\me\settings_page.dart","440","style: TextStyle(color: isDark ? Colors.white : Colors.black),","C4","False"
"lib\pages\me\settings_page.dart","444","color: isDark ? Colors.grey[400] : Colors.grey[700]),","C4","False"
"lib\pages\me\settings_page.dart","447","color: isDark ? Colors.grey[700]! : Colors.grey[400]!),","C4","False"
"lib\pages\me\settings_page.dart","451","color: isDark ? Colors.grey[700]! : Colors.grey[400]!),","C4","False"
"lib\pages\me\settings_page.dart","454","borderSide: BorderSide(color: const Color(0xFFFF5A7E)),","C1","False"
"lib\pages\me\settings_page.dart","458","color: isDark ? Colors.grey[500] : Colors.grey[600]),","C4","False"
"lib\pages\me\settings_page.dart","460","fillColor: isDark ? const Color(0xFF1A1A1A) : Colors.white,","C4","False"
"lib\pages\me\settings_page.dart","469","style: TextStyle(color: isDark ? Colors.white : Colors.black),","C4","False"
"lib\pages\me\settings_page.dart","473","color: isDark ? Colors.grey[400] : Colors.grey[700]),","C4","False"
"lib\pages\me\settings_page.dart","476","color: isDark ? Colors.grey[700]! : Colors.grey[400]!),","C4","False"
"lib\pages\me\settings_page.dart","480","color: isDark ? Colors.grey[700]! : Colors.grey[400]!),","C4","False"
"lib\pages\me\settings_page.dart","483","borderSide: BorderSide(color: const Color(0xFFFF5A7E)),","C1","False"
"lib\pages\me\settings_page.dart","486","fillColor: isDark ? const Color(0xFF1A1A1A) : Colors.white,","C4","False"
"lib\pages\me\settings_page.dart","495","color: isDark ? Colors.grey[400] : Colors.grey[600])),","C4","False"
"lib\pages\me\settings_page.dart","497","dropdownColor: isDark ? const Color(0xFF1A1A1A) : Colors.white,","C4","False"
"lib\pages\me\settings_page.dart","498","style: TextStyle(color: isDark ? Colors.white : Colors.black),","C4","False"
"lib\pages\me\settings_page.dart","502","color: isDark ? Colors.grey[700]! : Colors.grey[400]!),","C4","False"
"lib\pages\me\settings_page.dart","506","color: isDark ? Colors.grey[400] : Colors.grey[700]),","C4","False"
"lib\pages\me\settings_page.dart","508","fillColor: isDark ? const Color(0xFF1A1A1A) : Colors.white,","C4","False"
"lib\pages\me\settings_page.dart","511","color: isDark ? Colors.grey[700]! : Colors.grey[400]!),","C4","False"
"lib\pages\me\settings_page.dart","519","color: isDark ? Colors.white : Colors.black)),","C4","False"
"lib\pages\me\settings_page.dart","529","style: TextStyle(color: isDark ? Colors.white : Colors.black),","C4","False"
"lib\pages\me\settings_page.dart","533","color: isDark ? Colors.grey[400] : Colors.grey[700]),","C4","False"
"lib\pages\me\settings_page.dart","536","color: isDark ? Colors.grey[700]! : Colors.grey[400]!),","C4","False"
"lib\pages\me\settings_page.dart","540","color: isDark ? Colors.grey[700]! : Colors.grey[400]!),","C4","False"
"lib\pages\me\settings_page.dart","543","borderSide: BorderSide(color: const Color(0xFFFF5A7E)),","C1","False"
"lib\pages\me\settings_page.dart","547","color: isDark ? Colors.grey[500] : Colors.grey[600]),","C4","False"
"lib\pages\me\settings_page.dart","549","fillColor: isDark ? const Color(0xFF1A1A1A) : Colors.white,","C4","False"
"lib\pages\me\settings_page.dart","557","color: isDark ? Colors.grey[400] : Colors.grey[600]),","C4","False"
"lib\pages\me\settings_page.dart","564","backgroundColor: const Color(0xFFFF5A7E),","C1","False"
"lib\pages\me\settings_page.dart","569","style: TextStyle(fontSize: 16, color: Colors.white)),","C2","False"
"lib\pages\me\settings_page.dart","579","style: TextStyle(color: Color(0xFFFF5A7E), fontSize: 16)),","C1","False"
"lib\pages\me\settings_page.dart","588","? Colors.green","C2","False"
"lib\pages\me\settings_page.dart","589",": (_testStatus == 'invalid' ? Colors.red : Colors.grey),","C2","False"
"lib\pages\me\settings_page.dart","598","? Colors.green","C2","False"
"lib\pages\me\settings_page.dart","599",": (_testStatus == 'invalid' ? Colors.red : null),","C2","False"
"lib\pages\me\settings_page.dart","644","color: isDark ? const Color(0xFF1A1A1A) : Colors.white,","C4","False"
"lib\pages\me\settings_page.dart","692","color: isDark ? const Color(0xFF1A1A1A) : Colors.white,","C4","False"
"lib\pages\me\settings_page.dart","704","color: isDark ? Colors.grey[400] : Colors.grey[600],","C4","False"
"lib\pages\me\settings_page.dart","710","color: isDark ? Colors.grey[400] : Colors.grey[600],","C4","False"
"lib\providers\diary_provider.dart","114","color: Colors.white,","C2","False"
"lib\utils\asset_picker_util.dart","30","primaryColor: const Color(0xFFFF5A7E),","C1","False"
"lib\utils\asset_picker_util.dart","31","colorScheme: const ColorScheme.light(primary: Color(0xFFFF5A7E)),","C1","False"
"lib\utils\asset_picker_util.dart","33","backgroundColor: Color(0xFFFF5A7E),","C1","False"
"lib\utils\asset_picker_util.dart","34","foregroundColor: Colors.white),","C2","False"
"lib\utils\asset_picker_util.dart","35","scaffoldBackgroundColor: Colors.white,","C2","False"
"lib\utils\asset_picker_util.dart","37","const BottomSheetThemeData(backgroundColor: Colors.white),","C2","False"
"lib\utils\asset_picker_util.dart","68","primaryColor: const Color(0xFFFF5A7E),","C1","False"
"lib\utils\asset_picker_util.dart","69","colorScheme: const ColorScheme.light(primary: Color(0xFFFF5A7E)),","C1","False"
"lib\utils\asset_picker_util.dart","71","backgroundColor: Color(0xFFFF5A7E),","C1","False"
"lib\utils\asset_picker_util.dart","72","foregroundColor: Colors.white),","C2","False"
"lib\utils\asset_picker_util.dart","133","'primary': palette.dominantColor?.color ?? const Color(0xFFFF5A7E),","C1","False"
